id,deliverable_id,consultant_id,start_date,end_date
1,1,1,2024-06-01 08:59:20.266268,2024-06-03 12:17:23.815904
2,2,2,2024-06-02 07:48:21.982342,2024-06-05 01:03:31.161079
3,3,7,2024-06-03 01:22:26.258915,2024-06-05 13:13:11.954516
4,6,17,2024-06-03 19:29:10.362484,2024-06-06 02:32:18.842586
5,5,16,2024-06-03 15:44:30.351949,2024-06-06 04:50:43.711887
6,8,22,2024-06-04 00:37:26.713132,2024-06-06 21:54:53.176951
7,7,18,2024-06-03 23:13:48.289041,2024-06-07 16:49:04.315858
8,9,23,2024-06-04 21:24:44.332127,2024-06-07 22:13:21.550569
9,11,2,2024-06-05 11:50:20.669142,2024-06-08 05:18:23.335442
10,10,29,2024-06-05 01:03:31.161079,2024-06-08 14:51:52.917790
11,10,1,2024-06-05 01:03:31.161079,2024-06-08 14:51:52.917790
12,4,13,2024-06-03 12:17:23.815904,2024-06-08 19:49:54.785440
13,4,15,2024-06-03 12:17:23.815904,2024-06-08 19:49:54.785440
14,14,22,2024-06-06 21:54:53.176951,2024-06-10 02:25:23.331343
15,16,2,2024-06-08 05:18:23.335442,2024-06-11 01:48:22.165451
16,12,7,2024-06-06 02:32:18.842586,2024-06-11 05:12:02.554337
17,12,17,2024-06-06 02:32:18.842586,2024-06-11 05:12:02.554337
18,13,16,2024-06-07 22:13:21.550569,2024-06-11 18:35:55.705480
19,13,23,2024-06-07 22:13:21.550569,2024-06-11 18:35:55.705480
20,18,1,2024-06-08 14:51:52.917790,2024-06-12 13:05:31.335361
21,15,18,2024-06-08 19:49:54.785440,2024-06-13 05:24:59.602631
22,15,15,2024-06-08 19:49:54.785440,2024-06-13 05:24:59.602631
23,24,16,2024-06-11 18:35:55.705480,2024-06-13 19:04:57.956129
24,25,23,2024-06-11 18:35:55.705480,2024-06-14 02:39:38.068168
25,23,17,2024-06-11 05:12:02.554337,2024-06-14 07:42:25.461641
26,21,2,2024-06-11 01:48:22.165451,2024-06-14 11:40:36.105654
27,28,23,2024-06-14 02:39:38.068168,2024-06-17 04:43:01.177915
28,29,17,2024-06-14 07:42:25.461641,2024-06-17 06:19:09.455842
29,17,29,2024-06-13 05:24:59.602631,2024-06-17 14:58:32.151334
30,17,18,2024-06-13 05:24:59.602631,2024-06-17 14:58:32.151334
31,19,13,2024-06-13 19:04:57.956129,2024-06-18 18:45:31.795911
32,19,16,2024-06-13 19:04:57.956129,2024-06-18 18:45:31.795911
33,20,22,2024-06-17 04:43:01.177915,2024-06-21 03:19:54.953653
34,20,23,2024-06-17 04:43:01.177915,2024-06-21 03:19:54.953653
35,22,7,2024-06-17 14:58:32.151334,2024-06-21 09:40:31.259977
36,22,18,2024-06-17 14:58:32.151334,2024-06-21 09:40:31.259977
37,26,1,2024-06-21 03:19:54.953653,2024-07-01 12:46:52.575212
38,26,22,2024-06-21 03:19:54.953653,2024-07-01 12:46:52.575212
39,27,15,2024-06-21 09:40:31.259977,2024-07-02 21:07:18.285000
40,27,7,2024-06-21 09:40:31.259977,2024-07-02 21:07:18.285000
41,47,11,2024-07-02 21:07:18.285000,2024-07-06 09:37:17.630850
42,46,5,2024-07-01 12:46:52.575212,2024-07-06 12:11:39.674195
43,30,2,2024-07-02 21:07:18.285000,2024-07-07 13:53:42.925701
44,30,7,2024-07-02 21:07:18.285000,2024-07-07 13:53:42.925701